{"loss": [2.1560728549957275, 1.6731798648834229, 1.5041056871414185, 1.4029484987258911, 1.3372809886932373, 1.2950555086135864, 1.2554614543914795, 1.2299543619155884, 1.1984325647354126, 1.1651279926300049, 1.1461106538772583, 1.1279979944229126, 1.1059503555297852, 1.0938243865966797, 1.0780283212661743, 1.058603048324585, 1.0464568138122559, 1.0381619930267334, 1.0240986347198486, 1.0198006629943848, 1.0074280500411987, 0.9927182197570801, 0.9867900609970093, 0.9832063317298889, 0.9720309972763062, 0.9633066058158875, 0.9519566297531128, 0.9546083807945251, 0.942345380783081, 0.9350894093513489, 0.9256337285041809, 0.918973445892334, 0.9137868285179138, 0.9098604917526245, 0.9025344252586365, 0.9011562466621399, 0.8946304321289062, 0.8874003291130066, 0.8820897936820984, 0.8774561285972595, 0.8504959344863892, 0.8388502597808838, 0.8311917185783386, 0.8244850039482117, 0.8197876214981079, 0.8163889050483704, 0.8108677864074707, 0.8163830637931824, 0.8087505102157593, 0.8021590709686279, 0.8067544102668762, 0.8044797778129578, 0.8013607263565063, 0.8001094460487366, 0.7981521487236023, 0.7915131449699402, 0.7911460995674133, 0.788353443145752, 0.7845670580863953, 0.7926678657531738, 0.779637336730957, 0.7838878631591797, 0.780995786190033, 0.7888761758804321, 0.7750663161277771, 0.7786129713058472, 0.7813830971717834, 0.7803683280944824, 0.7731366157531738, 0.7871589064598083, 0.7781970500946045, 0.78167325258255, 0.7782305479049683, 0.7819836735725403, 0.7776968479156494, 0.7784934639930725, 0.7775983214378357, 0.7790505886077881, 0.7782492637634277, 0.7802210450172424, 0.7792122960090637, 0.7805644869804382, 0.77363121509552, 0.7772942185401917, 0.7732369899749756, 0.7792431116104126, 0.7754653692245483, 0.7769784927368164, 0.7777337431907654, 0.7727561593055725], "accuracy": [0.2367466539144516, 0.3405759036540985, 0.3971169590950012, 0.44631049036979675, 0.47783493995666504, 0.49385955929756165, 0.5132080912590027, 0.5259788036346436, 0.543682873249054, 0.5558587908744812, 0.5635212063789368, 0.5712536573410034, 0.582309901714325, 0.5874881744384766, 0.5982995629310608, 0.6039326786994934, 0.6072565913200378, 0.6139743328094482, 0.6193625330924988, 0.6218116879463196, 0.6242609024047852, 0.6313635110855103, 0.6332178711891174, 0.636786699295044, 0.6399356126785278, 0.6428746581077576, 0.6485777497291565, 0.6482978463172913, 0.6559252738952637, 0.6568699479103088, 0.6577796339988708, 0.6630628705024719, 0.6643924117088318, 0.6649172306060791, 0.6714250445365906, 0.6668416261672974, 0.6737692952156067, 0.6754837036132812, 0.6766732931137085, 0.6804170608520508, 0.691162109375, 0.6934676766395569, 0.7006402611732483, 0.7000804543495178, 0.705398678779602, 0.7022847533226013, 0.7075679898262024, 0.7034393548965454, 0.7098771929740906, 0.7081277966499329, 0.7091774344444275, 0.707253098487854, 0.7099471688270569, 0.7102270722389221, 0.7142157554626465, 0.7135533094406128, 0.7147055864334106, 0.715020477771759, 0.7139708399772644, 0.7132360935211182, 0.7187848687171936, 0.7172946929931641, 0.7199538350105286, 0.7134460210800171, 0.720268726348877, 0.7190791368484497, 0.7163150310516357, 0.7214583158493042, 0.7190791368484497, 0.717959463596344, 0.719603955745697, 0.7166998982429504, 0.7190441489219666, 0.7195339798927307, 0.7187291979789734, 0.7179478406906128, 0.7183793187141418, 0.7187641859054565, 0.7187641859054565, 0.7195689678192139, 0.7212134003639221, 0.717959463596344, 0.7242223620414734, 0.7201987504959106, 0.7199538350105286, 0.7211084365844727, 0.7198838591575623, 0.7175396084785461, 0.7192190885543823, 0.7201637625694275], "val_loss": [1.594489336013794, 1.4022409915924072, 1.335770845413208, 1.268858551979065, 1.1944525241851807, 1.1796051263809204, 1.1331089735031128, 1.121681809425354, 1.1462851762771606, 1.0758155584335327, 1.0647482872009277, 1.0569992065429688, 1.0546289682388306, 1.0659469366073608, 1.0311368703842163, 1.0331295728683472, 1.0028444528579712, 0.9843210577964783, 0.9827910661697388, 1.0128816366195679, 0.9538624882698059, 0.9780547022819519, 0.9860963225364685, 0.9747170209884644, 0.9490322470664978, 0.9414858222007751, 0.9319868087768555, 0.9257875680923462, 0.9936575293540955, 0.9300954937934875, 0.9412605166435242, 0.9449553489685059, 0.9544941186904907, 0.9218662977218628, 0.9584251642227173, 0.93851238489151, 0.9249557852745056, 0.9199724793434143, 0.9360578656196594, 0.9343580007553101, 0.8920475244522095, 0.8879616856575012, 0.886603832244873, 0.887302815914154, 0.8855547308921814, 0.8858421444892883, 0.8845688104629517, 0.8833431005477905, 0.8835884928703308, 0.8835489153862, 0.8874204754829407, 0.8839446306228638, 0.8839321136474609, 0.8869171142578125, 0.8840546607971191, 0.8873952627182007, 0.8848134875297546, 0.8840339779853821, 0.8835487365722656, 0.8828058242797852, 0.8816195130348206, 0.882074236869812, 0.880946159362793, 0.8807920217514038, 0.88145911693573, 0.8803105354309082, 0.879797101020813, 0.8804693818092346, 0.8800468444824219, 0.8808543086051941, 0.8807554841041565, 0.8803972601890564, 0.881617546081543, 0.8816713690757751, 0.8814531564712524, 0.8812385201454163, 0.8812287449836731, 0.8809952139854431, 0.881242573261261, 0.8813297152519226, 0.8807984590530396, 0.8811749219894409, 0.8803629279136658, 0.8812054395675659, 0.881506085395813, 0.8809123635292053, 0.8816379904747009, 0.8807331919670105, 0.8807953596115112, 0.8811107277870178], "val_accuracy": [0.3526785671710968, 0.4361049234867096, 0.4679129421710968, 0.5008370280265808, 0.537109375, 0.5287388563156128, 0.5599888563156128, 0.5666852593421936, 0.5599888563156128, 0.5853794813156128, 0.5873326063156128, 0.5920758843421936, 0.5954241156578064, 0.5906807780265808, 0.6026785969734192, 0.6007254719734192, 0.6143973469734192, 0.6283482313156128, 0.6219307780265808, 0.6157923936843872, 0.6339285969734192, 0.6325334906578064, 0.6196986436843872, 0.6364397406578064, 0.6417410969734192, 0.6450892686843872, 0.6520647406578064, 0.6448102593421936, 0.6283482313156128, 0.650390625, 0.642578125, 0.6436942219734192, 0.638671875, 0.6517857313156128, 0.6476004719734192, 0.650390625, 0.6520647406578064, 0.6584821343421936, 0.6576451063156128, 0.6584821343421936, 0.6696428656578064, 0.6743861436843872, 0.6735491156578064, 0.671875, 0.6755022406578064, 0.6755022406578064, 0.6749442219734192, 0.677734375, 0.6788504719734192, 0.6771763563156128, 0.6788504719734192, 0.6791294813156128, 0.6810826063156128, 0.6774553656578064, 0.6805245280265808, 0.6791294813156128, 0.6796875, 0.6788504719734192, 0.6830357313156128, 0.6805245280265808, 0.6794084906578064, 0.6810826063156128, 0.6810826063156128, 0.6810826063156128, 0.6808035969734192, 0.681640625, 0.6821986436843872, 0.6821986436843872, 0.6819196343421936, 0.681640625, 0.6824776530265808, 0.6821986436843872, 0.68359375, 0.6827567219734192, 0.6821986436843872, 0.6838727593421936, 0.6844307780265808, 0.6824776530265808, 0.6841517686843872, 0.68359375, 0.6847098469734192, 0.6838727593421936, 0.68359375, 0.6827567219734192, 0.6830357313156128, 0.6838727593421936, 0.6824776530265808, 0.6841517686843872, 0.6827567219734192, 0.6824776530265808]}